id,correctAnswer
102501,C
102502,D
102503,B
102504,A
102505,D
102506,C
102507,C
102508,B
102509,B
102510,C
102511,A
102512,C
102513,D
102514,D
102515,C
102516,A
102517,A
102518,A
102519,B
102520,C
102521,B
102522,B
102523,A
102524,D
102525,B
102526,D
102527,C
102528,D
102529,B
102530,D
102531,D
102532,C
102533,C
102534,B
102535,A
102536,D
102537,B
102538,A
102539,D
102540,C
102541,C
102542,D
102543,D
102544,C
102545,A
102546,B
102547,B
102548,C
102549,C
102550,B
102551,B
102552,B
102553,A
102554,D
102555,B
102556,D
102557,C
102558,D
102559,B
102560,A
102561,A
102562,D
102563,B
102564,C
102565,C
102566,B
102567,D
102568,A
102569,A
102570,D
102571,C
102572,A
102573,D
102574,B
102575,D
102576,D
102577,A
102578,A
102579,D
102580,D
102581,D
102582,B
102583,C
102584,C
102585,A
102586,C
102587,C
102588,B
102589,B
102590,D
102591,B
102592,D
102593,B
102594,C
102595,D
102596,D
102597,C
102598,A
102599,A
102600,D
102601,C
102602,C
102603,A
102604,A
102605,B
102606,A
102607,A
102608,C
102609,B
102610,B
102611,C
102612,D
102613,C
102614,C
102615,D
102616,A
102617,C
102618,D
102619,D
102620,C
102621,B
102622,C
102623,B
102624,C
102625,C
102626,D
102627,B
102628,C
102629,A
102630,A
102631,D
102632,A
102633,A
102634,A
102635,C
102636,B
102637,B
102638,C
102639,A
102640,A
102641,D
102642,A
102643,A
102644,A
102645,C
102646,C
102647,A
102648,D
102649,A
102650,D
102651,D
102652,A
102653,B
102654,D
102655,D
102656,B
102657,D
102658,C
102659,A
102660,D
102661,B
102662,B
102663,B
102664,C
102665,B
102666,C
102667,B
102668,C
102669,C
102670,C
102671,C
102672,B
102673,D
102674,A
102675,A
102676,A
102677,B
102678,D
102679,D
102680,D
102681,D
102682,C
102683,B
102684,C
102685,C
102686,C
102687,A
102688,A
102689,D
102690,D
102691,D
102692,A
102693,C
102694,A
102695,B
102696,A
102697,A
102698,A
102699,C
102700,A
102701,B
102702,A
102703,C
102704,A
102705,C
102706,C
102707,D
102708,B
102709,C
102710,B
102711,C
102712,C
102713,C
102714,D
102715,C
102716,D
102717,C
102718,B
102719,B
102720,B
102721,C
102722,A
102723,A
102724,A
102725,C
102726,B
102727,A
102728,A
102729,B
102730,B
102731,B
102732,D
102733,C
102734,B
102735,A
102736,A
102737,C
102738,D
102739,A
102740,A
102741,B
102742,B
102743,B
102744,D
102745,C
102746,B
102747,D
102748,B
102749,B
102750,A
102751,C
102752,D
102753,A
102754,A
102755,B
102756,A
102757,B
102758,A
102759,C
102760,A
102761,C
102762,D
102763,C
102764,C
102765,C
102766,D
102767,C
102768,D
102769,D
102770,D
102771,D
102772,B
102773,D
102774,B
102775,C
102776,C
102777,B
102778,C
102779,B
102780,B
102781,D
102782,A
102783,A
102784,C
102785,A
102786,B
102787,B
102788,A
102789,A
102790,C
102791,C
102792,C
102793,D
102794,C
102795,B
102796,C
102797,B
102798,A
102799,D
102800,B
102801,D
102802,A
102803,D
102804,B
102805,D
102806,A
102807,D
102808,B
102809,D
102810,C
102811,D
102812,A
102813,D
102814,C
102815,A
102816,B
102817,D
102818,C
102819,D
102820,A
102821,C
102822,B
102823,B
102824,A
102825,B
102826,C
102827,B
102828,A
102829,A
102830,C
102831,A
102832,B
102833,D
102834,C
102835,A
102836,B
102837,C
102838,B
102839,C
102840,B
102841,B
102842,B
102843,A
102844,D
102845,B
102846,A
102847,D
102848,A
102849,C
102850,B
102851,B
102852,A
102853,A
102854,C
102855,A
102856,B
102857,A
102858,D
102859,A
102860,B
102861,A
102862,A
102863,A
102864,D
102865,D
102866,A
102867,D
102868,C
102869,A
102870,A
102871,A
102872,B
102873,D
102874,D
102875,D
102876,D
102877,B
102878,C
102879,D
102880,B
102881,B
102882,C
102883,B
102884,C
102885,A
102886,C
102887,B
102888,D
102889,B
102890,A
102891,C
102892,C
102893,D
102894,D
102895,C
102896,D
102897,A
102898,C
102899,D
102900,A
102901,D
102902,C
102903,C
102904,A
102905,D
102906,D
102907,B
102908,B
102909,D
102910,A
102911,C
102912,D
102913,A
102914,B
102915,C
102916,B
102917,C
102918,C
102919,D
102920,B
102921,D
102922,A
102923,B
102924,B
102925,C
102926,D
102927,D
102928,B
102929,B
102930,C
102931,A
102932,D
102933,C
102934,A
102935,D
102936,B
102937,D
102938,D
102939,B
102940,B
102941,A
102942,A
102943,A
102944,D
102945,D
102946,D
102947,D
102948,D
102949,D
102950,B
102951,B
102952,D
102953,A
102954,A
102955,D
102956,B
102957,C
102958,B
102959,B
102960,D
102961,B
102962,D
102963,C
102964,C
102965,B
102966,C
102967,A
102968,A
102969,D
102970,D
102971,D
102972,D
102973,C
102974,B
102975,D
102976,B
102977,A
102978,A
102979,C
102980,A
102981,D
102982,B
102983,C
102984,B
102985,D
102986,B
102987,D
102988,A
102989,C
102990,C
102991,A
102992,A
102993,C
102994,A
102995,B
102996,C
102997,A
102998,D
102999,B
103000,D
103001,C
103002,D
103003,D
103004,C
103005,D
103006,C
103007,C
103008,A
103009,B
103010,A
103011,B
103012,B
103013,D
103014,B
103015,B
103016,D
103017,D
103018,A
103019,A
103020,B
103021,B
103022,D
103023,B
103024,D
103025,C
103026,A
103027,C
103028,B
103029,A
103030,D
103031,C
103032,A
103033,B
103034,C
103035,D
103036,D
103037,B
103038,B
103039,D
103040,C
103041,A
103042,D
103043,C
103044,C
103045,C
103046,A
103047,D
103048,B
103049,C
103050,B
103051,C
103052,C
103053,D
103054,B
103055,A
103056,A
103057,A
103058,C
103059,C
103060,D
103061,A
103062,C
103063,A
103064,D
103065,A
103066,C
103067,B
103068,A
103069,A
103070,D
103071,A
103072,A
103073,B
103074,C
103075,D
103076,B
103077,A
103078,C
103079,A
103080,D
103081,C
103082,D
103083,C
103084,D
103085,C
103086,D
103087,C
103088,B
103089,C
103090,D
103091,B
103092,A
103093,C
103094,B
103095,D
103096,D
103097,A
103098,B
103099,A
103100,D
103101,C
103102,D
103103,D
103104,A
103105,B
103106,C
103107,B
103108,D
103109,C
103110,B
103111,D
103112,D
103113,B
103114,D
103115,C
103116,B
103117,D
103118,C
103119,C
103120,B
103121,D
103122,D
103123,D
103124,A
103125,C
103126,C
103127,C
103128,D
103129,D
103130,B
103131,D
103132,B
103133,B
103134,A
103135,C
103136,C
103137,C
103138,C
103139,D
103140,B
103141,B
103142,A
103143,D
103144,C
103145,A
103146,B
103147,C
103148,A
103149,A
103150,D
103151,A
103152,C
103153,D
103154,B
103155,B
103156,C
103157,A
103158,C
103159,D
103160,A
103161,C
103162,B
103163,A
103164,C
103165,A
103166,D
103167,C
103168,A
103169,A
103170,A
103171,D
103172,C
103173,A
103174,D
103175,B
103176,A
103177,D
103178,D
103179,A
103180,B
103181,D
103182,B
103183,C
103184,B
103185,D
103186,C
103187,B
103188,A
103189,A
103190,D
103191,A
103192,A
103193,D
103194,D
103195,A
103196,A
103197,B
103198,D
103199,C
103200,C
103201,C
103202,B
103203,C
103204,D
103205,D
103206,A
103207,D
103208,C
103209,D
103210,D
103211,A
103212,B
103213,C
103214,C
103215,C
103216,A
103217,D
103218,A
103219,D
103220,C
103221,A
103222,D
103223,B
103224,C
103225,A
103226,A
103227,D
103228,D
103229,A
103230,D
103231,D
103232,B
103233,B
103234,B
103235,A
103236,D
103237,A
103238,B
103239,B
103240,B
103241,B
103242,D
103243,D
103244,C
103245,A
103246,C
103247,B
103248,C
103249,B
103250,C
103251,D
103252,C
103253,C
103254,D
103255,C
103256,D
103257,D
103258,D
103259,B
103260,A
103261,A
103262,D
103263,A
103264,A
103265,C
103266,D
103267,D
103268,A
103269,A
103270,C
103271,C
103272,C
103273,D
103274,B
103275,B
103276,B
103277,A
103278,D
103279,A
103280,D
103281,A
103282,D
103283,D
103284,A
103285,B
103286,D
103287,B
103288,D
103289,C
103290,A
103291,B
103292,C
103293,B
103294,A
103295,A
103296,C
103297,D
103298,C
103299,C
103300,C
103301,C
103302,D
103303,C
103304,C
103305,D
103306,C
103307,B
103308,D
103309,C
103310,C
103311,A
103312,B
103313,A
103314,A
103315,A
103316,B
103317,A
103318,B
103319,B
103320,B
103321,C
103322,A
103323,C
103324,A
103325,A
103326,A
103327,D
103328,A
103329,B
103330,B
103331,B
103332,C
103333,B
103334,C
103335,D
103336,A
103337,A
103338,D
103339,D
103340,B
103341,A
103342,D
103343,B
103344,A
103345,D
103346,A
103347,D
103348,B
103349,D
103350,C
103351,A
103352,A
103353,C
103354,C
103355,D
103356,B
103357,B
103358,A
103359,B
103360,C
103361,D
103362,B
103363,B
103364,D
103365,C
103366,B
103367,C
103368,D
103369,A
103370,A
103371,D
103372,C
103373,D
103374,B
103375,A
103376,C
103377,B
103378,A
103379,C
103380,B
103381,A
103382,D
103383,B
103384,A
103385,A
103386,A
103387,C
103388,B
103389,C
103390,A
103391,D
103392,C
103393,D
103394,D
103395,C
103396,D
103397,B
103398,C
103399,C
103400,D
103401,A
103402,B
103403,B
103404,C
103405,C
103406,C
103407,B
103408,D
103409,D
103410,A
103411,B
103412,C
103413,A
103414,C
103415,B
103416,A
103417,D
103418,D
103419,A
103420,D
103421,D
103422,B
103423,A
103424,B
103425,A
103426,D
103427,A
103428,B
103429,D
103430,D
103431,A
103432,D
103433,B
103434,B
103435,B
103436,D
103437,C
103438,A
103439,C
103440,A
103441,C
103442,D
103443,A
103444,C
103445,C
103446,C
103447,C
103448,C
103449,D
103450,B
103451,C
103452,A
103453,B
103454,C
103455,A
103456,B
103457,C
103458,D
103459,B
103460,D
103461,A
103462,D
103463,D
103464,D
103465,B
103466,A
103467,D
103468,C
103469,A
103470,B
103471,D
103472,B
103473,C
103474,C
103475,D
103476,A
103477,C
103478,C
103479,D
103480,D
103481,B
103482,A
103483,B
103484,A
103485,D
103486,A
103487,D
103488,D
103489,B
103490,D
103491,B
103492,C
103493,A
103494,B
103495,A
103496,B
103497,B
103498,A
103499,D
103500,D
103501,C
103502,A
103503,B
103504,D
103505,C
103506,A
103507,C
103508,D
103509,D
103510,C
103511,D
103512,A
103513,D
103514,A
103515,A
103516,D
103517,C
103518,C
103519,C
103520,A
103521,D
103522,D
103523,A
103524,C
103525,B
103526,A
103527,B
103528,D
103529,B
103530,B
103531,D
103532,A
103533,C
103534,D
103535,D
103536,C
103537,A
103538,B
103539,A
103540,D
103541,D
103542,B
103543,D
103544,D
103545,B
103546,A
103547,D
103548,C
103549,D
103550,D
103551,C
103552,D
103553,B
103554,D
103555,B
103556,C
103557,C
103558,B
103559,A
103560,B
103561,D
103562,B
103563,C
103564,B
103565,A
103566,C
103567,C
103568,D
103569,B
103570,C
103571,C
103572,A
103573,D
103574,D
103575,B
103576,B
103577,B
103578,B
103579,D
103580,D
103581,C
103582,D
103583,B
103584,D
103585,A
103586,C
103587,D
103588,B
103589,C
103590,B
103591,A
103592,A
103593,D
103594,B
103595,A
103596,A
103597,A
103598,A
103599,A
103600,A
103601,A
103602,C
103603,A
103604,C
103605,B
103606,D
103607,B
103608,A
103609,B
103610,A
103611,B
103612,D
103613,C
103614,C
103615,D
103616,A
103617,B
103618,D
103619,B
103620,D
103621,A
103622,D
103623,B
103624,C
103625,B
103626,D
103627,C
103628,B
103629,C
103630,A
103631,D
103632,C
103633,D
103634,C
103635,A
103636,B
103637,B
103638,A
103639,B
103640,A
103641,B
103642,D
103643,D
103644,D
103645,D
103646,A
103647,B
103648,C
103649,C
103650,B
103651,C
103652,A
103653,A
103654,B
103655,C
103656,D
103657,A
103658,A
103659,A
103660,C
103661,B
103662,D
103663,B
103664,A
103665,D
103666,D
103667,D
103668,B
103669,C
103670,B
103671,D
103672,C
103673,B
103674,D
103675,A
103676,D
103677,B
103678,C
103679,B
103680,B
103681,D
103682,C
103683,C
103684,B
103685,D
103686,D
103687,B
103688,B
103689,D
103690,C
103691,B
103692,D
103693,B
103694,A
103695,D
103696,C
103697,B
103698,C
103699,D
103700,A
103701,B
103702,C
103703,D
103704,B
103705,A
103706,C
103707,D
103708,D
103709,A
103710,D
103711,C
103712,C
103713,A
103714,D
103715,D
103716,B
103717,A
103718,D
103719,D
103720,C
103721,B
103722,D
103723,B
103724,A
103725,C
103726,A
103727,B
103728,A
103729,B
103730,C
103731,C
103732,A
103733,D
103734,C
103735,A
103736,A
103737,A
103738,D
103739,B
103740,D
103741,C
103742,C
103743,B
103744,C
103745,B
103746,A
103747,B
103748,A
103749,D
103750,C
103751,A
103752,D
103753,D
103754,D
103755,C
103756,D
103757,B
103758,C
103759,B
103760,D
103761,C
103762,A
103763,B
103764,A
103765,A
103766,D
103767,C
103768,C
103769,B
103770,D
103771,C
103772,A
103773,B
103774,C
103775,D
103776,B
103777,B
103778,C
103779,A
103780,D
103781,D
103782,B
103783,C
103784,C
103785,C
103786,D
103787,B
103788,A
103789,D
103790,A
103791,C
103792,C
103793,D
103794,A
103795,B
103796,A
103797,A
103798,A
103799,C
103800,D
103801,A
103802,B
103803,C
103804,C
103805,C
103806,B
103807,B
103808,D
103809,B
103810,D
103811,D
103812,A
103813,D
103814,B
103815,C
103816,C
103817,A
103818,D
103819,B
103820,A
103821,A
103822,A
103823,B
103824,B
103825,B
103826,B
103827,C
103828,A
103829,D
103830,D
103831,B
103832,A
103833,D
103834,C
103835,C
103836,D
103837,B
103838,B
103839,C
103840,B
103841,C
103842,B
103843,A
103844,D
103845,A
103846,B
103847,C
103848,D
103849,D
103850,D
103851,A
103852,C
103853,C
103854,A
103855,C
103856,B
103857,C
103858,A
103859,D
103860,A
103861,B
103862,B
103863,D
103864,B
103865,A
103866,C
103867,A
103868,D
103869,A
103870,C
103871,B
103872,C
103873,A
103874,D
103875,A
103876,D
103877,C
103878,A
103879,B
103880,A
103881,D
103882,C
103883,B
103884,A
103885,D
103886,D
103887,B
103888,A
103889,B
103890,A
103891,B
103892,C
103893,B
103894,A
103895,B
103896,C
103897,D
103898,D
103899,C
103900,A
103901,C
103902,D
103903,C
103904,D
103905,A
103906,A
103907,A
103908,D
103909,B
103910,C
103911,A
103912,B
103913,A
103914,A
103915,A
103916,D
103917,B
103918,B
103919,C
103920,A
103921,D
103922,C
103923,B
103924,D
103925,A
103926,A
103927,A
103928,B
103929,A
103930,C
103931,B
103932,C
103933,B
103934,D
103935,A
103936,D
103937,D
103938,D
103939,A
103940,A
103941,D
103942,D
103943,D
103944,D
103945,C
103946,A
103947,B
103948,B
103949,C
103950,C
103951,D
103952,D
103953,D
103954,C
103955,A
103956,B
103957,A
103958,B
103959,C
103960,B
103961,C
103962,C
103963,C
103964,B
103965,D
103966,B
103967,B
103968,D
103969,D
103970,D
103971,B
103972,B
103973,A
103974,D
103975,D
103976,A
103977,A
103978,D
103979,B
103980,D
103981,D
103982,B
103983,D
103984,C
103985,A
103986,B
103987,D
103988,B
103989,C
103990,A
103991,D
103992,B
103993,B
103994,A
103995,D
103996,A
103997,D
103998,A
103999,A
104000,A
104001,B
104002,D
104003,C
104004,C
104005,D
104006,C
104007,C
104008,B
104009,C
104010,D
104011,A
104012,A
104013,B
104014,D
104015,C
104016,C
104017,A
104018,D
104019,B
104020,A
104021,A
104022,C
104023,C
104024,B
104025,A
104026,D
104027,A
104028,B
104029,A
104030,B
104031,D
104032,B
104033,D
104034,A
104035,B
104036,C
104037,B
104038,C
104039,A
104040,A
104041,C
104042,B
104043,B
104044,B
104045,C
104046,D
104047,C
104048,A
104049,B
104050,D
104051,A
104052,D
104053,A
104054,D
104055,C
104056,B
104057,D
104058,D
104059,D
104060,C
104061,A
104062,B
104063,C
104064,C
104065,C
104066,C
104067,C
104068,A
104069,C
104070,C
104071,A
104072,B
104073,A
104074,B
104075,D
104076,B
104077,B
104078,D
104079,A
104080,C
104081,C
104082,D
104083,D
104084,B
104085,D
104086,A
104087,B
104088,A
104089,A
104090,B
104091,B
104092,D
104093,A
104094,B
104095,A
104096,D
104097,D
104098,B
104099,B
104100,B
104101,B
104102,B
104103,D
104104,D
104105,D
104106,C
104107,A
104108,D
104109,C
104110,C
104111,D
104112,B
104113,A
104114,A
104115,A
104116,A
104117,C
104118,C
104119,B
104120,B
104121,A
104122,D
104123,A
104124,C
104125,D
104126,C
104127,C
104128,B
104129,B
104130,A
104131,B
104132,A
104133,D
104134,B
104135,C
104136,C
104137,A
104138,D
104139,A
104140,C
104141,D
104142,C
104143,A
104144,C
104145,D
104146,B
104147,D
104148,D
104149,D
104150,C
104151,D
104152,A
104153,A
104154,A
104155,C
104156,B
104157,C
104158,C
104159,D
104160,B
104161,B
104162,D
104163,B
104164,B
104165,C
104166,D
104167,C
104168,A
104169,C
104170,B
104171,D
104172,C
104173,B
104174,A
104175,D
104176,B
104177,C
104178,D
104179,C
104180,D
104181,D
104182,D
104183,C
104184,C
104185,C
104186,D
104187,C
104188,A
104189,A
104190,C
104191,B
104192,C
104193,C
104194,C
104195,D
104196,D
104197,C
104198,B
104199,D
104200,B
104201,C
104202,C
104203,B
104204,A
104205,C
104206,D
104207,D
104208,A
104209,C
104210,D
104211,A
104212,A
104213,D
104214,A
104215,D
104216,B
104217,B
104218,D
104219,D
104220,A
104221,A
104222,C
104223,B
104224,D
104225,B
104226,C
104227,D
104228,B
104229,C
104230,A
104231,A
104232,B
104233,B
104234,D
104235,A
104236,D
104237,B
104238,D
104239,C
104240,C
104241,B
104242,C
104243,B
104244,C
104245,C
104246,C
104247,D
104248,B
104249,A
104250,A
104251,A
104252,D
104253,D
104254,A
104255,D
104256,C
104257,D
104258,D
104259,D
104260,B
104261,D
104262,C
104263,A
104264,C
104265,C
104266,D
104267,D
104268,C
104269,B
104270,D
104271,C
104272,A
104273,A
104274,D
104275,A
104276,D
104277,D
104278,A
104279,B
104280,B
104281,D
104282,C
104283,D
104284,D
104285,A
104286,C
104287,B
104288,C
104289,A
104290,B
104291,D
104292,B
104293,B
104294,C
104295,D
104296,D
104297,D
104298,D
104299,C
104300,A
104301,C
104302,B
104303,B
104304,B
104305,A
104306,B
104307,B
104308,C
104309,B
104310,D
104311,A
104312,C
104313,A
104314,B
104315,A
104316,B
104317,C
104318,B
104319,A
104320,C
104321,C
104322,B
104323,C
104324,D
104325,B
104326,B
104327,D
104328,C
104329,D
104330,A
104331,C
104332,B
104333,D
104334,A
104335,D
104336,D
104337,C
104338,C
104339,D
104340,C
104341,D
104342,D
104343,B
104344,A
104345,D
104346,C
104347,D
104348,B
104349,C
104350,D
104351,C
104352,C
104353,C
104354,A
104355,D
104356,D
104357,B
104358,D
104359,A
104360,D
104361,D
104362,A
104363,A
104364,B
104365,A
104366,C
104367,D
104368,A
104369,A
104370,D
104371,C
104372,D
104373,C
104374,D
104375,D
104376,B
104377,A
104378,D
104379,D
104380,D
104381,B
104382,A
104383,B
104384,A
104385,C
104386,D
104387,D
104388,C
104389,A
104390,B
104391,B
104392,D
104393,C
104394,B
104395,B
104396,D
104397,D
104398,B
104399,A
104400,B
104401,D
104402,D
104403,B
104404,D
104405,A
104406,C
104407,B
104408,D
104409,D
104410,D
104411,B
104412,A
104413,B
104414,C
104415,A
104416,A
104417,A
104418,D
104419,A
104420,B
104421,C
104422,B
104423,C
104424,B
104425,C
104426,C
104427,D
104428,C
104429,C
104430,B
104431,C
104432,A
104433,B
104434,C
104435,D
104436,B
104437,B
104438,A
104439,B
104440,B
104441,C
104442,B
104443,A
104444,A
104445,A
104446,C
104447,A
104448,B
104449,A
104450,A
104451,C
104452,C
104453,B
104454,B
104455,D
104456,D
104457,C
104458,A
104459,A
104460,B
104461,D
104462,B
104463,A
104464,B
104465,C
104466,C
104467,A
104468,B
104469,C
104470,C
104471,C
104472,C
104473,D
104474,B
104475,C
104476,C
104477,D
104478,D
104479,D
104480,B
104481,D
104482,A
104483,D
104484,B
104485,B
104486,A
104487,C
104488,C
104489,A
104490,D
104491,B
104492,B
104493,A
104494,D
104495,A
104496,A
104497,A
104498,D
104499,B
104500,C
104501,D
104502,B
104503,C
104504,A
104505,C
104506,D
104507,B
104508,D
104509,C
104510,D
104511,A
104512,D
104513,D
104514,B
104515,A
104516,C
104517,B
104518,B
104519,B
104520,A
104521,C
104522,D
104523,D
104524,A
104525,D
104526,D
104527,B
104528,C
104529,D
104530,A
104531,B
104532,B
104533,A
104534,C
104535,B
104536,C
104537,D
104538,C
104539,D
104540,A
104541,A
104542,A
104543,C
104544,D
104545,B
104546,B
104547,D
104548,C
104549,D
104550,B
104551,B
104552,C
104553,B
104554,C
104555,C
104556,A
104557,A
104558,D
104559,B
104560,B
104561,B
104562,C
104563,A
104564,B
104565,D
104566,D
104567,D
104568,C
104569,D
104570,B
104571,C
104572,D
104573,B
104574,D
104575,A
104576,D
104577,C
104578,C
104579,B
104580,C
104581,B
104582,A
104583,B
104584,B
104585,B
104586,C
104587,B
104588,C
104589,D
104590,D
104591,C
104592,A
104593,C
104594,A
104595,D
104596,B
104597,D
104598,A
104599,C
104600,B
104601,D
104602,B
104603,D
104604,A
104605,A
104606,D
104607,B
104608,B
104609,D
104610,A
104611,A
104612,B
104613,A
104614,A
104615,C
104616,A
104617,A
104618,D
104619,C
104620,D
104621,A
104622,A
104623,C
104624,A
104625,C
104626,A
104627,B
104628,B
104629,A
104630,B
104631,B
104632,B
104633,D
104634,A
104635,A
104636,C
104637,B
104638,C
104639,C
104640,D
104641,B
104642,A
104643,B
104644,A
104645,B
104646,B
104647,C
104648,D
104649,C
104650,D
104651,B
104652,A
104653,D
104654,D
104655,B
104656,B
104657,D
104658,B
104659,B
104660,D
104661,A
104662,B
104663,A
104664,D
104665,C
104666,D
104667,C
104668,D
104669,A
104670,A
104671,D
104672,B
104673,B
104674,C
104675,C
104676,A
104677,A
104678,C
104679,C
104680,B
104681,B
104682,D
104683,C
104684,D
104685,D
104686,D
104687,C
104688,C
104689,C
104690,D
104691,D
104692,B
104693,D
104694,D
104695,B
104696,C
104697,A
104698,B
104699,C
104700,D
104701,D
104702,A
104703,C
104704,A
104705,C
104706,B
104707,D
104708,A
104709,B
104710,C
104711,B
104712,A
104713,C
104714,A
104715,C
104716,A
104717,B
104718,A
104719,A
104720,A
104721,C
104722,A
104723,C
104724,B
104725,A
104726,D
104727,A
104728,D
104729,C
104730,A
104731,A
104732,C
104733,A
104734,A
104735,D
104736,D
104737,B
104738,C
104739,C
104740,B
104741,B
104742,B
104743,A
104744,B
104745,C
104746,C
104747,A
104748,D
104749,A
104750,D
104751,B
104752,D
104753,D
104754,B
104755,D
104756,B
104757,C
104758,D
104759,C
104760,B
104761,D
104762,A
104763,D
104764,C
104765,A
104766,D
104767,D
104768,C
104769,C
104770,B
104771,C
104772,C
104773,B
104774,A
104775,D
104776,A
104777,B
104778,D
104779,C
104780,A
104781,D
104782,C
104783,A
104784,D
104785,D
104786,C
104787,D
104788,A
104789,A
104790,A
104791,C
104792,C
104793,B
104794,C
104795,C
104796,A
104797,D
104798,A
104799,C
104800,C
104801,A
104802,B
104803,B
104804,C
104805,B
104806,A
104807,C
104808,A
104809,C
104810,D
104811,A
104812,D
104813,D
104814,B
104815,D
104816,A
104817,C
104818,A
104819,B
104820,B
104821,C
104822,B
104823,D
104824,C
104825,B
104826,A
104827,C
104828,A
104829,C
104830,B
104831,D
104832,D
104833,D
104834,D
104835,D
104836,D
104837,A
104838,D
104839,D
104840,A
104841,A
104842,C
104843,A
104844,B
104845,D
104846,D
104847,D
104848,A
104849,B
104850,C
104851,C
104852,A
104853,A
104854,A
104855,A
104856,C
104857,C
104858,C
104859,C
104860,A
104861,D
104862,B
104863,B
104864,D
104865,B
104866,B
104867,A
104868,C
104869,A
104870,A
104871,D
104872,D
104873,C
104874,C
104875,C
104876,B
104877,B
104878,C
104879,A
104880,C
104881,C
104882,B
104883,A
104884,C
104885,A
104886,A
104887,C
104888,B
104889,C
104890,A
104891,C
104892,C
104893,B
104894,B
104895,D
104896,C
104897,D
104898,B
104899,A
104900,D
104901,A
104902,C
104903,C
104904,B
104905,C
104906,A
104907,B
104908,D
104909,D
104910,A
104911,D
104912,A
104913,D
104914,C
104915,B
104916,C
104917,C
104918,C
104919,D
104920,D
104921,C
104922,B
104923,D
104924,A
104925,D
104926,B
104927,C
104928,B
104929,B
104930,A
104931,D
104932,B
104933,B
104934,A
104935,B
104936,A
104937,B
104938,B
104939,A
104940,A
104941,B
104942,B
104943,D
104944,B
104945,C
104946,B
104947,D
104948,C
104949,A
104950,A
104951,D
104952,B
104953,D
104954,B
104955,D
104956,C
104957,D
104958,D
104959,B
104960,B
104961,A
104962,C
104963,C
104964,A
104965,D
104966,C
104967,C
104968,C
104969,D
104970,A
104971,D
104972,A
104973,D
104974,B
104975,A
104976,D
104977,C
104978,B
104979,D
104980,A
104981,D
104982,D
104983,B
104984,A
104985,D
104986,B
104987,A
104988,D
104989,A
104990,C
104991,D
104992,C
104993,D
104994,B
104995,A
104996,A
104997,A
104998,D
104999,C
105000,A
105001,D
105002,C
105003,D
105004,D
105005,B
105006,A
105007,A
105008,A
105009,A
105010,D
105011,C
105012,C
105013,A
105014,C
105015,C
105016,D
105017,D
105018,D
105019,A
105020,A
105021,D
105022,B
105023,B
105024,B
105025,D
105026,D
105027,D
105028,A
105029,A
105030,A
105031,A
105032,B
105033,D
105034,C
105035,C
105036,C
105037,D
105038,D
105039,D
105040,D
105041,B
105042,C
105043,A
105044,C
105045,B
105046,C
105047,C
105048,B
105049,A
105050,A
105051,C
105052,D
105053,C
105054,A
105055,D
105056,A
105057,C
105058,D
105059,A
105060,B
105061,C
105062,D
105063,B
105064,A
105065,B
105066,D
105067,C
105068,D
105069,C
105070,A
105071,B
105072,C
105073,C
105074,D
105075,C
105076,D
105077,A
105078,A
105079,C
105080,A
105081,C
105082,C
105083,C
105084,D
105085,D
105086,A
105087,A
105088,C
105089,D
105090,B
105091,D
105092,B
105093,B
105094,D
105095,A
105096,D
105097,A
105098,D
105099,B
105100,D
105101,C
105102,A
105103,C
105104,C
105105,B
105106,A
105107,D
105108,B
105109,C
105110,A
105111,A
105112,B
105113,A
105114,A
105115,A
105116,A
105117,A
105118,B
105119,B
105120,B
105121,C
105122,C
105123,D
105124,B
105125,C
105126,D
105127,C
105128,B
105129,B
105130,A
105131,A
105132,B
105133,C
105134,A
105135,B
105136,C
105137,D
105138,A
105139,B
105140,B
105141,D
105142,B
105143,B
105144,C
105145,A
105146,B
105147,C
105148,D
105149,B
105150,A
105151,B
105152,C
105153,D
105154,D
105155,A
105156,A
105157,D
105158,A
105159,C
105160,B
105161,B
105162,A
105163,B
105164,C
105165,C
105166,C
105167,B
105168,D
105169,A
105170,C
105171,B
105172,A
105173,A
105174,D
105175,B
105176,B
105177,A
105178,C
105179,B
105180,C
105181,D
105182,A
105183,D
105184,A
105185,B
105186,B
105187,B
105188,A
105189,D
105190,A
105191,D
105192,A
105193,D
105194,C
105195,A
105196,D
105197,B
105198,C
105199,A
105200,B
105201,D
105202,D
105203,B
105204,A
105205,A
105206,C
105207,A
105208,A
105209,B
105210,C
105211,C
105212,C
105213,A
105214,C
105215,C
105216,B
105217,A
105218,C
105219,A
105220,D
105221,C
105222,C
105223,B
105224,D
105225,A
105226,A
105227,C
105228,A
105229,A
105230,D
105231,D
105232,C
105233,D
105234,B
105235,A
105236,C
105237,B
105238,B
105239,B
105240,A
105241,C
105242,D
105243,B
105244,D
105245,C
105246,B
105247,C
105248,D
105249,A
105250,B
105251,D
105252,A
105253,C
105254,C
105255,A
105256,D
105257,A
105258,B
105259,D
105260,A
105261,B
105262,B
105263,B
105264,A
105265,A
105266,C
105267,C
105268,B
105269,D
105270,A
105271,D
105272,A
105273,D
105274,B
105275,B
105276,B
105277,A
105278,C
105279,A
105280,B
105281,A
105282,B
105283,B
105284,D
105285,A
105286,A
105287,D
105288,C
105289,B
105290,A
105291,D
105292,C
105293,D
105294,B
105295,A
105296,C
105297,B
105298,A
105299,D
105300,C
105301,A
105302,C
105303,C
105304,D
105305,D
105306,B
105307,A
105308,C
105309,B
105310,D
105311,C
105312,D
105313,A
105314,B
105315,B
105316,C
105317,D
105318,B
105319,B
105320,A
105321,C
105322,D
105323,B
105324,B
105325,C
105326,D
105327,A
105328,B
105329,C
105330,C
105331,B
105332,B
105333,B
105334,B
105335,C
105336,B
105337,D
105338,D
105339,B
105340,A
105341,D
105342,D
105343,B
105344,B
105345,C
105346,B
105347,C
105348,B
105349,C
105350,B
105351,A
105352,B
105353,D
105354,D
105355,C
105356,D
105357,B
105358,C
105359,C
105360,D
105361,A
105362,D
105363,B
105364,A
105365,D
105366,B
105367,D
105368,D
105369,C
105370,B
105371,D
105372,B
105373,A
105374,B
105375,C
105376,C
105377,C
105378,D
105379,C
105380,D
105381,A
105382,A
105383,A
105384,A
105385,D
105386,B
105387,D
105388,B
105389,D
105390,A
105391,B
105392,D
105393,C
105394,C
105395,C
105396,C
105397,A
105398,C
105399,C
105400,D
105401,D
105402,A
105403,A
105404,A
105405,A
105406,D
105407,A
105408,A
105409,B
105410,D
105411,C
105412,D
105413,B
105414,A
105415,C
105416,B
105417,D
105418,A
105419,B
105420,D
105421,A
105422,D
105423,C
105424,D
105425,C
105426,D
105427,C
105428,D
105429,D
105430,C
105431,D
105432,B
105433,B
105434,B
105435,C
105436,D
105437,A
105438,B
105439,B
105440,B
105441,D
105442,C
105443,B
105444,D
105445,D
105446,A
105447,A
105448,A
105449,A
105450,A
105451,C
105452,C
105453,C
105454,A
105455,C
105456,D
105457,C
105458,B
105459,A
105460,B
105461,D
105462,A
105463,B
105464,A
105465,C
105466,A
105467,C
105468,D
105469,A
105470,D
105471,D
105472,B
105473,C
105474,D
105475,D
105476,B
105477,B
105478,B
105479,C
105480,A
105481,A
105482,C
105483,D
105484,C
105485,B
105486,A
105487,C
105488,B
105489,D
105490,C
105491,D
105492,D
105493,B
105494,A
105495,B
105496,D
105497,A
105498,A
105499,B
105500,B
105501,C
105502,D
105503,D
105504,C
105505,C
105506,B
105507,B
105508,D
105509,D
105510,C
105511,D
105512,C
105513,D
105514,C
105515,B
105516,B
105517,B
105518,C
105519,C
105520,B
105521,A
105522,B
105523,A
105524,C
105525,D
105526,A
105527,D
105528,C
105529,C
105530,D
105531,C
105532,A
105533,D
105534,B
105535,D
105536,D
105537,A
105538,C
105539,B
105540,A
105541,D
105542,B
105543,D
105544,C
105545,B
105546,B
105547,D
105548,D
105549,A
105550,B
105551,A
105552,C
105553,A
105554,B
105555,B
105556,C
105557,A
105558,C
105559,A
105560,B
105561,C
105562,A
105563,D
105564,C
105565,D
105566,D
105567,D
105568,A
105569,C
105570,A
105571,B
105572,A
105573,C
105574,D
105575,C
105576,A
105577,D
105578,B
105579,D
105580,D
105581,A
105582,D
105583,A
105584,D
105585,B
105586,B
105587,B
105588,D
105589,C
105590,A
105591,C
105592,B
105593,C
105594,A
105595,C
105596,C
105597,C
105598,A
105599,D
105600,D
105601,C
105602,A
105603,C
105604,D
105605,B
105606,C
105607,A
105608,C
105609,B
105610,B
105611,C
105612,C
105613,B
105614,B
105615,C
105616,A
105617,C
105618,A
105619,C
105620,D
105621,B
105622,C
105623,A
105624,D
105625,D
105626,B
105627,D
105628,B
105629,C
105630,B
105631,A
105632,A
105633,B
105634,C
105635,D
105636,A
105637,A
105638,A
105639,C
105640,C
105641,B
105642,A
105643,D
105644,D
105645,C
105646,B
105647,B
105648,D
105649,A
105650,D
105651,A
105652,D
105653,A
105654,C
105655,B
105656,B
105657,D
105658,A
105659,B
105660,C
105661,C
105662,C
105663,C
105664,A
105665,B
105666,D
105667,D
105668,C
105669,A
105670,A
105671,B
105672,A
105673,C
105674,B
105675,D
105676,A
105677,C
105678,D
105679,C
105680,B
105681,D
105682,C
105683,A
105684,A
105685,D
105686,C
105687,D
105688,D
105689,D
105690,B
105691,A
105692,A
105693,A
105694,A
105695,B
105696,C
105697,D
105698,D
105699,B
105700,A
105701,B
105702,C
105703,A
105704,D
105705,D
105706,C
105707,C
105708,B
105709,A
105710,A
105711,D
105712,C
105713,C
105714,D
105715,B
105716,C
105717,C
105718,A
105719,C
105720,B
105721,C
105722,D
105723,D
105724,A
105725,C
105726,D
105727,D
105728,D
105729,C
105730,B
105731,D
105732,C
105733,C
105734,C
105735,C
105736,B
105737,D
105738,B
105739,B
105740,D
105741,B
105742,D
105743,C
105744,D
105745,A
105746,D
105747,D
105748,C
105749,D
105750,D
105751,B
105752,D
105753,A
105754,C
105755,D
105756,A
105757,D
105758,A
105759,D
105760,D
105761,C
105762,D
105763,B
105764,A
105765,C
105766,D
105767,D
105768,D
105769,A
105770,C
105771,C
105772,C
105773,B
105774,A
105775,D
105776,A
105777,D
105778,D
105779,A
105780,C
105781,A
105782,C
105783,C
105784,A
105785,A
105786,A
105787,A
105788,C
105789,A
105790,C
105791,B
105792,D
105793,C
105794,A
105795,A
105796,B
105797,D
105798,B
105799,A
105800,B
105801,A
105802,B
105803,B
105804,B
105805,A
105806,D
105807,D
105808,C
105809,A
105810,C
105811,D
105812,B
105813,A
105814,C
105815,B
105816,D
105817,A
105818,C
105819,A
105820,C
105821,B
105822,A
105823,D
105824,A
105825,C
105826,C
105827,B
105828,A
105829,C
105830,A
105831,C
105832,D
105833,D
105834,B
105835,B
105836,B
105837,C
105838,C
105839,D
105840,D
105841,B
105842,A
105843,A
105844,D
105845,B
105846,C
105847,C
105848,D
105849,B
105850,B
105851,B
105852,D
105853,A
105854,D
105855,D
105856,D
105857,A
105858,B
105859,B
105860,A
105861,C
105862,D
105863,A
105864,D
105865,A
105866,C
105867,C
105868,A
105869,C
105870,C
105871,C
105872,C
105873,B
105874,A
105875,B
105876,D
105877,B
105878,C
105879,A
105880,C
105881,B
105882,B
105883,B
105884,B
105885,D
105886,A
105887,A
105888,D
105889,D
105890,C
105891,B
105892,C
105893,C
105894,D
105895,B
105896,A
105897,B
105898,D
105899,D
105900,D
105901,D
105902,D
105903,A
105904,A
105905,C
105906,D
105907,B
105908,A
105909,D
105910,C
105911,D
105912,D
105913,A
105914,A
105915,D
105916,B
105917,D
105918,A
105919,B
105920,A
105921,D
105922,A
105923,D
105924,D
105925,A
105926,A
105927,A
105928,A
105929,D
105930,A
105931,D
105932,D
105933,D
105934,C
105935,C
105936,D
105937,C
105938,D
105939,D
105940,B
105941,D
105942,C
105943,C
105944,A
105945,D
105946,B
105947,B
105948,C
105949,A
105950,D
105951,B
105952,A
105953,D
105954,D
105955,C
105956,C
105957,B
105958,D
105959,A
105960,C
105961,D
105962,D
105963,A
105964,B
105965,B
105966,C
105967,C
105968,C
105969,B
105970,B
105971,A
105972,C
105973,C
105974,C
105975,A
105976,A
105977,C
105978,C
105979,C
105980,D
105981,A
105982,D
105983,C
105984,D
105985,C
105986,D
105987,A
105988,B
105989,B
105990,D
105991,D
105992,C
105993,B
105994,D
105995,A
105996,C
105997,C
105998,A
105999,C
106000,D
106001,D
106002,C
106003,C
106004,D
106005,B
106006,B
106007,A
106008,C
106009,C
106010,B
106011,B
106012,C
106013,D
106014,D
106015,C
106016,A
106017,A
106018,B
106019,C
106020,D
106021,D
106022,C
106023,B
106024,C
106025,D
106026,B
106027,B
106028,A
106029,B
106030,D
106031,B
106032,C
106033,D
106034,B
106035,D
106036,C
106037,B
106038,B
106039,B
106040,C
106041,D
106042,D
106043,C
106044,B
106045,A
106046,D
106047,C
106048,A
106049,B
106050,C
106051,C
106052,A
106053,A
106054,B
106055,D
106056,D
106057,D
106058,A
106059,A
106060,B
106061,D
106062,C
106063,A
106064,A
106065,A
106066,B
106067,D
106068,D
106069,C
106070,A
106071,C
106072,D
106073,A
106074,C
106075,B
106076,C
106077,A
106078,D
106079,A
106080,C
106081,D
106082,C
106083,C
106084,B
106085,D
106086,D
106087,B
106088,C
106089,A
106090,B
106091,A
106092,C
106093,B
106094,D
106095,D
106096,D
106097,D
106098,B
106099,A
106100,B
106101,A
106102,A
106103,A
106104,A
106105,D
106106,A
106107,C
106108,B
106109,B
106110,C
106111,C
106112,A
106113,D
106114,C
106115,B
106116,A
106117,B
106118,D
106119,D
106120,B
106121,A
106122,C
106123,D
106124,D
106125,A
106126,A
106127,B
106128,C
106129,B
106130,A
106131,A
106132,C
106133,D
106134,C
106135,D
106136,D
106137,C
106138,D
106139,A
106140,D
106141,A
106142,B
106143,D
106144,C
106145,C
106146,B
106147,D
106148,B
106149,D
106150,D
106151,A
106152,C
106153,A
106154,A
106155,A
106156,C
106157,B
106158,A
106159,B
106160,B
106161,C
106162,B
106163,B
106164,D
106165,A
106166,A
106167,A
106168,D
106169,C
106170,A
106171,C
106172,A
106173,D
106174,D
106175,D
106176,C
106177,D
106178,D
106179,D
106180,D
106181,B
106182,B
106183,C
106184,A
106185,D
106186,B
106187,C
106188,A
106189,D
106190,D
106191,C
106192,A
106193,C
106194,A
106195,C
106196,C
106197,C
106198,D
106199,A
106200,A
106201,D
106202,D
106203,C
106204,D
106205,B
106206,B
106207,B
106208,A
106209,D
106210,A
106211,C
106212,A
106213,D
106214,B
106215,D
106216,D
106217,B
106218,D
106219,C
106220,B
106221,A
106222,C
106223,C
106224,C
106225,D
106226,C
106227,B
106228,A
106229,C
106230,B
106231,A
106232,A
106233,B
106234,C
106235,B
106236,C
106237,C
106238,A
106239,B
106240,C
106241,C
106242,A
106243,D
106244,D
106245,C
106246,C
106247,B
106248,C
106249,C
106250,D
106251,B
106252,B
106253,D
106254,D
106255,B
106256,C
106257,A
106258,C
106259,A
106260,C
106261,A
106262,C
106263,D
106264,B
106265,D
106266,D
106267,A
106268,C
106269,C
106270,D
106271,C
106272,C
106273,D
106274,D
106275,A
106276,D
106277,B
106278,D
106279,D
106280,A
106281,C
106282,D
106283,C
106284,D
106285,B
106286,B
106287,D
106288,A
106289,D
106290,C
106291,B
106292,A
106293,C
106294,B
106295,D
106296,A
106297,D
106298,C
106299,C
106300,D
106301,B
106302,A
106303,A
106304,B
106305,D
106306,D
106307,A
106308,A
106309,A
106310,A
106311,C
106312,B
106313,B
106314,D
106315,A
106316,A
106317,D
106318,D
106319,B
106320,D
106321,C
106322,D
106323,C
106324,B
106325,B
106326,B
106327,D
106328,A
106329,A
106330,D
106331,C
106332,B
106333,B
106334,C
106335,B
106336,B
106337,A
106338,A
106339,D
106340,A
106341,C
106342,A
106343,D
106344,C
106345,B
106346,B
106347,D
106348,A
106349,A
106350,D
106351,B
106352,B
106353,B
106354,B
106355,D
106356,C
106357,B
106358,C
106359,D
106360,D
106361,C
106362,A
106363,C
106364,A
106365,D
106366,A
106367,B
106368,A
106369,D
106370,A
106371,C
106372,C
106373,B
106374,C
106375,B
106376,D
106377,B
106378,B
106379,C
106380,D
106381,C
106382,D
106383,C
106384,B
106385,A
106386,A
106387,D
106388,D
106389,D
106390,C
106391,D
106392,A
106393,C
106394,D
106395,A
106396,B
106397,B
106398,C
106399,A
106400,C
106401,D
106402,B
106403,A
106404,C
106405,A
106406,C
106407,C
106408,B
106409,D
106410,C
106411,C
106412,D
106413,A
106414,A
106415,A
106416,C
106417,C
106418,B
106419,A
106420,A
106421,A
106422,B
106423,C
106424,A
106425,D
106426,A
106427,A
106428,D
106429,A
106430,D
106431,D
106432,A
106433,D
106434,D
106435,A
106436,C
106437,C
106438,A
106439,D
106440,A
106441,B
106442,B
106443,A
106444,A
106445,D
106446,C
106447,B
106448,D
106449,A
106450,D
106451,C
106452,C
106453,C
106454,D
106455,C
106456,D
106457,B
106458,A
106459,D
106460,D
106461,C
106462,D
106463,B
106464,A
106465,B
106466,B
106467,A
106468,B
106469,C
106470,D
106471,C
106472,B
106473,C
106474,A
106475,C
106476,C
106477,A
106478,D
106479,D
106480,B
106481,D
106482,B
106483,D
106484,B
106485,B
106486,A
106487,A
106488,A
106489,A
106490,C
106491,C
106492,D
106493,A
106494,A
106495,A
106496,D
106497,A
106498,A
106499,A
106500,C
106501,D
106502,C
106503,B
106504,A
106505,A
106506,A
106507,A
106508,D
106509,A
106510,D
106511,C
106512,A
106513,C
106514,B
106515,A
106516,D
106517,D
106518,B
106519,C
106520,D
106521,A
106522,C
106523,B
106524,C
106525,B
106526,D
106527,A
106528,B
106529,A
106530,C
106531,C
106532,A
106533,B
106534,C
106535,C
106536,C
106537,A
106538,C
106539,A
106540,A
106541,C
106542,C
106543,B
106544,A
106545,D
106546,D
106547,B
106548,A
106549,C
106550,D
106551,A
106552,B
106553,B
106554,D
106555,B
106556,C
106557,C
106558,B
106559,A
106560,C
106561,D
106562,D
106563,A
106564,B
106565,C
106566,B
106567,B
106568,A
106569,B
106570,C
106571,D
106572,C
106573,D
106574,A
106575,A
106576,B
106577,A
106578,A
106579,A
106580,D
106581,A
106582,A
106583,B
106584,B
106585,B
106586,A
106587,B
106588,B
106589,D
106590,B
106591,B
106592,D
106593,A
106594,C
106595,C
106596,A
106597,A
106598,A
106599,C
106600,B
106601,D
106602,C
106603,D
106604,A
106605,B
106606,B
106607,B
106608,A
106609,A
106610,D
106611,B
106612,A
106613,A
106614,A
106615,B
106616,B
106617,A
106618,A
106619,B
106620,C
106621,D
106622,C
106623,B
106624,B
106625,D
106626,B
106627,D
106628,C
106629,C
106630,D
106631,D
106632,D
106633,C
106634,B
106635,B
106636,A
106637,C
106638,D
106639,B
106640,C
106641,B
106642,A
106643,B
106644,C
106645,C
106646,B
106647,B
106648,D
106649,B
106650,A
106651,C
106652,A
106653,D
106654,C
106655,B
106656,C
106657,A
106658,D
106659,D
106660,A
106661,B
106662,D
106663,C
106664,D
106665,D
106666,C
106667,A
106668,B
106669,A
106670,C
106671,A
106672,C
106673,B
106674,B
106675,B
106676,C
106677,B
106678,B
106679,C
106680,A
106681,D
106682,B
106683,D
106684,A
106685,C
106686,D
106687,C
106688,D
106689,A
106690,A
106691,B
106692,A
106693,B
106694,A
106695,C
106696,A
106697,D
106698,C
106699,C
106700,C
106701,B
106702,C
106703,D
106704,B
106705,C
106706,A
106707,B
106708,B
106709,B
106710,C
106711,D
106712,B
106713,C
106714,C
106715,B
106716,A
106717,B
106718,D
106719,B
106720,A
106721,A
106722,A
106723,B
106724,A
106725,C
106726,A
106727,B
106728,B
106729,C
106730,D
106731,B
106732,A
106733,D
106734,C
106735,A
106736,A
106737,C
106738,D
106739,C
106740,C
106741,A
106742,D
106743,A
106744,C
106745,B
106746,B
106747,B
106748,D
106749,C
106750,D
106751,B
106752,C
106753,C
106754,D
106755,B
106756,D
106757,A
106758,A
106759,D
106760,C
106761,A
106762,A
106763,D
106764,C
106765,D
106766,C
106767,D
106768,B
106769,B
106770,C
106771,D
106772,B
106773,D
106774,B
106775,D
106776,C
106777,A
106778,C
106779,A
106780,D
106781,C
106782,D
106783,C
106784,C
106785,A
106786,D
106787,C
106788,C
106789,D
106790,D
106791,A
106792,C
106793,C
106794,B
106795,C
106796,D
106797,A
106798,D
106799,D
106800,D
106801,B
106802,A
106803,A
106804,C
106805,D
106806,A
106807,B
106808,A
106809,B
106810,D
106811,C
106812,A
106813,A
106814,A
106815,C
106816,D
106817,A
106818,D
106819,D
106820,D
106821,B
106822,C
106823,B
106824,A
106825,D
106826,D
106827,D
106828,D
106829,A
106830,D
106831,C
106832,D
106833,A
106834,A
106835,A
106836,C
106837,A
106838,C
106839,B
106840,B
106841,A
106842,B
106843,B
106844,D
106845,D
106846,D
106847,A
106848,A
106849,B
106850,D
106851,D
106852,C
106853,B
106854,B
106855,A
106856,C
106857,A
106858,B
106859,A
106860,B
106861,B
106862,D
106863,A
106864,C
106865,D
106866,A
106867,C
106868,D
106869,C
106870,B
106871,C
106872,B
106873,D
106874,A
106875,A
106876,A
106877,B
106878,D
106879,C
106880,C
106881,D
106882,D
106883,D
106884,D
106885,A
106886,D
106887,D
106888,C
106889,A
106890,B
106891,C
106892,B
106893,B
106894,C
106895,A
106896,D
106897,C
106898,A
106899,B
106900,B
106901,B
106902,D
106903,A
106904,D
106905,D
106906,A
106907,C
106908,A
106909,D
106910,D
106911,D
106912,C
106913,A
106914,B
106915,A
106916,D
106917,B
106918,B
106919,C
106920,C
106921,A
106922,D
106923,B
106924,B
106925,B
106926,D
106927,B
106928,D
106929,D
106930,D
106931,A
106932,C
106933,C
106934,B
106935,D
106936,D
106937,C
106938,A
106939,C
106940,C
106941,B
106942,A
106943,D
106944,C
106945,D
106946,C
106947,B
106948,D
106949,D
106950,D
106951,B
106952,B
106953,B
106954,D
106955,B
106956,C
106957,B
106958,C
106959,D
106960,A
106961,D
106962,D
106963,C
106964,B
106965,C
106966,D
106967,D
106968,A
106969,C
106970,A
106971,B
106972,D
106973,C
106974,C
106975,C
106976,A
106977,B
106978,B
106979,A
106980,A
106981,D
106982,D
106983,C
106984,A
106985,C
106986,C
106987,D
106988,A
106989,B
106990,B
106991,D
106992,A
106993,C
106994,A
106995,D
106996,C
106997,A
106998,A
106999,B
107000,D
107001,A
107002,C
107003,D
107004,A
107005,A
107006,D
107007,A
107008,D
107009,B
107010,B
107011,C
107012,A
107013,A
107014,D
107015,C
107016,C
107017,C
107018,D
107019,D
107020,B
107021,A
107022,A
107023,B
107024,A
107025,B
107026,C
107027,D
107028,C
107029,A
107030,A
107031,D
107032,D
107033,D
107034,D
107035,D
107036,D
107037,C
107038,B
107039,B
107040,A
107041,D
107042,B
107043,A
107044,C
107045,D
107046,A
107047,B
107048,C
107049,A
107050,C
107051,B
107052,C
107053,A
107054,B
107055,A
107056,D
107057,B
107058,D
107059,A
107060,A
107061,A
107062,C
107063,D
107064,A
107065,C
107066,D
107067,C
107068,D
107069,C
107070,B
107071,B
107072,D
107073,A
107074,C
107075,A
107076,B
107077,D
107078,B
107079,B
107080,A
107081,C
107082,B
107083,B
107084,A
107085,B
107086,D
107087,B
107088,C
107089,D
107090,B
107091,B
107092,B
107093,C
107094,A
107095,D
107096,C
107097,C
107098,A
107099,A
107100,B
107101,B
107102,A
107103,B
107104,C
107105,D
107106,B
107107,B
107108,D
107109,B
107110,A
107111,B
107112,A
107113,B
107114,C
107115,A
107116,C
107117,B
107118,D
107119,D
107120,A
107121,C
107122,C
107123,A
107124,D
107125,B
107126,C
107127,D
107128,D
107129,A
107130,A
107131,C
107132,B
107133,D
107134,D
107135,C
107136,A
107137,D
107138,D
107139,C
107140,A
107141,C
107142,A
107143,A
107144,A
107145,D
107146,A
107147,B
107148,B
107149,C
107150,D
107151,A
107152,D
107153,A
107154,C
107155,D
107156,A
107157,B
107158,D
107159,B
107160,B
107161,D
107162,B
107163,D
107164,B
107165,D
107166,B
107167,C
107168,B
107169,D
107170,C
107171,C
107172,A
107173,A
107174,D
107175,D
107176,B
107177,A
107178,B
107179,D
107180,B
107181,C
107182,D
107183,A
107184,C
107185,A
107186,B
107187,A
107188,B
107189,A
107190,D
107191,B
107192,D
107193,B
107194,B
107195,B
107196,D
107197,D
107198,D
107199,A
107200,B
107201,D
107202,D
107203,B
107204,D
107205,C
107206,A
107207,A
107208,B
107209,B
107210,C
107211,B
107212,A
107213,C
107214,D
107215,C
107216,A
107217,A
107218,B
107219,B
107220,C
107221,D
107222,A
107223,A
107224,C
107225,D
107226,B
107227,C
107228,B
107229,C
107230,A
107231,A
107232,A
107233,D
107234,D
107235,A
107236,A
107237,C
107238,A
107239,D
107240,B
107241,C
107242,B
107243,B
107244,A
107245,C
107246,D
107247,B
107248,B
107249,D
107250,B
107251,A
107252,A
107253,D
107254,A
107255,C
107256,A
107257,C
107258,B
107259,D
107260,C
107261,B
107262,D
107263,D
107264,A
107265,B
107266,D
107267,D
107268,B
107269,A
107270,B
107271,D
107272,D
107273,D
107274,C
107275,A
107276,D
107277,C
107278,A
107279,D
107280,B
107281,A
107282,A
107283,A
107284,A
107285,D
107286,B
107287,B
107288,D
107289,C
107290,A
107291,A
107292,C
107293,A
107294,A
107295,C
107296,D
107297,C
107298,D
107299,A
107300,A
107301,A
107302,D
107303,C
107304,C
107305,D
107306,C
107307,C
107308,B
107309,B
107310,A
107311,D
107312,D
107313,D
107314,A
107315,D
107316,D
107317,C
107318,B
107319,D
107320,B
107321,D
107322,C
107323,B
107324,B
107325,C
107326,C
107327,D
107328,A
107329,D
107330,B
107331,C
107332,C
107333,D
107334,A
107335,A
107336,D
107337,D
107338,D
107339,D
107340,A
107341,A
107342,C
107343,A
107344,A
107345,C
107346,C
107347,B
107348,C
107349,D
107350,C
107351,A
107352,C
107353,A
107354,A
107355,C
107356,D
107357,D
107358,D
107359,C
107360,B
107361,A
107362,C
107363,B
107364,C
107365,D
107366,A
107367,A
107368,A
107369,B
107370,B
107371,B
107372,A
107373,C
107374,C
107375,A
107376,A
107377,B
107378,A
107379,B
107380,D
107381,D
107382,D
107383,B
107384,D
107385,A
107386,B
107387,A
107388,D
107389,C
107390,D
107391,C
107392,A
107393,C
107394,A
107395,C
107396,D
107397,D
107398,D
107399,B
107400,D
107401,A
107402,A
107403,B
107404,B
107405,D
107406,D
107407,A
107408,C
107409,D
107410,A
107411,B
107412,D
107413,C
107414,C
107415,C
107416,A
107417,D
107418,A
107419,A
107420,C
107421,A
107422,D
107423,A
107424,C
107425,D
107426,C
107427,A
107428,B
107429,B
107430,B
107431,A
107432,C
107433,A
107434,C
107435,B
107436,C
107437,C
107438,B
107439,D
107440,C
107441,C
107442,B
107443,A
107444,C
107445,D
107446,C
107447,C
107448,C
107449,B
107450,C
107451,A
107452,D
107453,C
107454,A
107455,B
107456,C
107457,B
107458,B
107459,D
107460,C
107461,D
107462,A
107463,B
107464,D
107465,A
107466,A
107467,D
107468,A
107469,C
107470,B
107471,D
107472,C
107473,B
107474,A
107475,D
107476,C
107477,D
107478,B
107479,B
107480,A
107481,C
107482,B
107483,A
107484,D
107485,C
107486,D
107487,C
107488,A
107489,B
107490,B
107491,A
107492,B
107493,A
107494,A
107495,D
107496,A
107497,A
107498,D
107499,D
107500,A
107501,C
107502,A
107503,B
107504,C
107505,B
107506,C
107507,D
107508,C
107509,A
107510,D
107511,A
107512,A
107513,B
107514,B
107515,B
107516,C
107517,A
107518,B
107519,C
107520,A
107521,D
107522,C
107523,B
107524,D
107525,B
107526,B
107527,C
107528,B
107529,A
107530,B
107531,C
107532,C
107533,B
107534,D
107535,B
107536,D
107537,A
107538,A
107539,C
107540,C
107541,A
107542,B
107543,D
107544,C
107545,A
107546,D
107547,D
107548,B
107549,D
107550,C
107551,C
107552,B
107553,B
107554,D
107555,A
107556,A
107557,A
107558,C
107559,C
107560,A
107561,D
107562,A
107563,A
107564,D
107565,B
107566,A
107567,D
107568,D
107569,A
107570,C
107571,D
107572,C
107573,D
107574,B
107575,C
107576,C
107577,B
107578,A
107579,D
107580,A
107581,A
107582,A
107583,C
107584,A
107585,A
107586,C
107587,D
107588,A
107589,B
107590,A
107591,D
107592,B
107593,D
107594,A
107595,D
107596,A
107597,D
107598,B
107599,D
107600,A
107601,C
107602,A
107603,B
107604,D
107605,B
107606,B
107607,C
107608,B
107609,A
107610,B
107611,C
107612,D
107613,B
107614,B
107615,C
107616,A
107617,A
107618,A
107619,D
107620,D
107621,A
107622,B
107623,A
107624,B
107625,A
107626,C
107627,C
107628,A
107629,B
107630,D
107631,A
107632,A
107633,D
107634,B
107635,C
107636,B
107637,B
107638,D
107639,A
107640,D
107641,D
107642,A
107643,A
107644,C
107645,D
107646,D
107647,A
107648,A
107649,D
107650,A
107651,C
107652,C
107653,D
107654,D
107655,C
107656,C
107657,D
107658,C
107659,A
107660,D
107661,C
107662,C
107663,B
107664,C
107665,A
107666,A
107667,B
107668,A
107669,A
107670,A
107671,C
107672,B
107673,D
107674,A
107675,C
107676,B
107677,C
107678,D
107679,B
107680,B
107681,B
107682,D
107683,C
107684,D
107685,D
107686,D
107687,A
107688,A
107689,D
107690,D
107691,B
107692,D
107693,D
107694,A
107695,D
107696,D
107697,B
107698,D
107699,A
107700,D
107701,A
107702,D
107703,C
107704,B
107705,D
107706,D
107707,C
107708,C
107709,C
107710,B
107711,B
107712,C
107713,D
107714,B
107715,D
107716,C
107717,A
107718,C
107719,B
107720,D
107721,C
107722,D
107723,A
107724,B
107725,C
107726,D
107727,A
107728,C
107729,D
107730,C
107731,B
107732,D
107733,C
107734,B
107735,A
107736,A
107737,D
107738,A
107739,B
107740,B
107741,A
107742,A
107743,A
107744,C
107745,C
107746,B
107747,B
107748,B
107749,B
107750,D
107751,D
107752,D
107753,A
107754,D
107755,D
107756,C
107757,B
107758,D
107759,D
107760,D
107761,D
107762,C
107763,C
107764,B
107765,D
107766,D
107767,B
107768,C
107769,B
107770,B
107771,A
107772,C
107773,C
107774,A
107775,C
107776,D
107777,D
107778,D
107779,C
107780,A
107781,A
107782,D
107783,B
107784,D
107785,B
107786,C
107787,B
107788,B
107789,C
107790,B
107791,B
107792,B
107793,C
107794,A
107795,A
107796,A
107797,A
107798,C
107799,A
107800,C
107801,C
107802,B
107803,C
107804,C
107805,D
107806,B
107807,D
107808,C
107809,C
107810,A
107811,B
107812,D
107813,B
107814,B
107815,C
107816,C
107817,D
107818,A
107819,B
107820,D
107821,B
107822,D
107823,C
107824,D
107825,B
107826,C
107827,B
107828,C
107829,D
107830,B
107831,A
107832,A
107833,C
107834,C
107835,D
107836,C
107837,D
107838,D
107839,B
107840,C
107841,C
107842,A
107843,D
107844,D
107845,D
107846,A
107847,B
107848,A
107849,A
107850,D
107851,C
107852,C
107853,C
107854,B
107855,B
107856,D
107857,B
107858,A
107859,A
107860,B
107861,D
107862,C
107863,A
107864,C
107865,B
107866,C
107867,C
107868,A
107869,D
107870,B
107871,A
107872,A
107873,B
107874,B
107875,B
107876,C
107877,A
107878,C
107879,C
107880,C
107881,A
107882,D
107883,A
107884,A
107885,B
107886,D
107887,B
107888,B
107889,A
107890,A
107891,B
107892,C
107893,D
107894,A
107895,B
107896,B
107897,B
107898,D
107899,D
107900,C
107901,D
107902,C
107903,C
107904,B
107905,D
107906,A
107907,C
107908,D
107909,D
107910,A
107911,A
107912,B
107913,A
107914,A
107915,D
107916,A
107917,C
107918,D
107919,C
107920,D
107921,A
107922,A
107923,C
107924,C
107925,B
107926,C
107927,D
107928,B
107929,C
107930,D
107931,A
107932,D
107933,D
107934,A
107935,D
107936,C
107937,D
107938,C
107939,D
107940,C
107941,B
107942,B
107943,A
107944,B
107945,C
107946,C
107947,D
107948,D
107949,D
107950,D
107951,B
107952,A
107953,A
107954,D
107955,A
107956,B
107957,C
107958,A
107959,D
107960,D
107961,B
107962,A
107963,A
107964,B
107965,A
107966,D
107967,A
107968,A
107969,C
107970,B
107971,C
107972,C
107973,B
107974,B
107975,A
107976,B
107977,C
107978,B
107979,C
107980,D
107981,C
107982,A
107983,C
107984,A
107985,B
107986,C
107987,B
107988,D
107989,B
107990,D
107991,D
107992,B
107993,C
107994,D
107995,D
107996,B
107997,A
107998,D
107999,B
108000,D
108001,C
108002,D
108003,A
108004,B
108005,A
108006,B
108007,A
108008,C
108009,D
108010,C
108011,D
108012,B
108013,A
108014,B
108015,C
108016,B
108017,D
108018,B
108019,D
108020,D
108021,C
108022,B
108023,C
108024,B
108025,C
108026,A
108027,A
108028,B
108029,D
108030,B
108031,B
108032,D
108033,D
108034,B
108035,D
108036,B
108037,D
108038,C
108039,D
108040,B
108041,B
108042,A
108043,A
108044,A
108045,B
108046,C
108047,D
108048,A
108049,D
108050,C
108051,C
108052,C
108053,A
108054,B
108055,D
108056,B
108057,C
108058,D
108059,D
108060,C
108061,D
108062,D
108063,D
108064,C
108065,A
108066,D
108067,B
108068,A
108069,A
108070,A
108071,B
108072,A
108073,D
108074,B
108075,A
108076,D
108077,D
108078,B
108079,D
108080,A
108081,A
108082,D
108083,B
108084,B
108085,C
108086,C
108087,A
108088,C
108089,D
108090,C
108091,B
108092,C
108093,D
108094,A
108095,B
108096,C
108097,D
108098,B
108099,D
108100,A
108101,B
108102,D
108103,D
108104,D
108105,D
108106,A
108107,A
108108,D
108109,D
108110,C
108111,A
108112,C
108113,A
108114,C
108115,D
108116,B
108117,C
108118,C
108119,B
108120,A
108121,B
108122,C
108123,C
108124,B
108125,D
108126,C
108127,C
108128,B
108129,B
108130,C
108131,B
108132,A
108133,A
108134,B
108135,D
108136,C
108137,B
108138,A
108139,A
108140,B
108141,B
108142,A
108143,A
108144,C
108145,B
108146,D
108147,C
108148,D
108149,D
108150,C
108151,D
108152,D
108153,B
108154,A
108155,C
108156,A
108157,A
108158,A
108159,D
108160,D
108161,C
108162,D
108163,B
108164,C
108165,B
108166,A
108167,A
108168,B
108169,D
108170,B
108171,D
108172,A
108173,C
108174,C
108175,B
108176,D
108177,A
108178,A
108179,C
108180,C
108181,C
108182,D
108183,D
108184,C
108185,D
108186,D
108187,D
108188,D
108189,D
108190,B
108191,A
108192,C
108193,C
108194,C
108195,A
108196,D
108197,A
108198,C
108199,A
108200,B
108201,A
108202,D
108203,C
108204,C
108205,B
108206,D
108207,B
108208,C
108209,D
108210,B
108211,B
108212,B
108213,B
108214,D
108215,B
108216,C
108217,C
108218,A
108219,A
108220,D
108221,C
108222,C
108223,A
108224,C
108225,C
108226,A
108227,A
108228,B
108229,B
108230,D
108231,D
108232,D
108233,B
108234,C
108235,D
108236,B
108237,A
108238,D
108239,A
108240,A
108241,B
108242,A
108243,A
108244,C
108245,A
108246,B
108247,D
108248,C
108249,B
108250,C
108251,D
108252,B
108253,C
108254,A
108255,B
108256,D
108257,D
108258,B
108259,D
108260,A
108261,B
108262,C
108263,D
108264,A
108265,C
108266,C
108267,C
108268,D
108269,C
108270,D
108271,D
108272,C
108273,B
108274,B
108275,D
108276,C
108277,C
108278,B
108279,C
108280,D
108281,D
108282,A
108283,B
108284,A
108285,A
108286,A
108287,C
108288,B
108289,C
108290,D
108291,D
108292,A
108293,B
108294,A
108295,C
108296,A
108297,D
108298,D
108299,D
108300,B
108301,A
108302,A
108303,A
108304,B
108305,C
108306,D
108307,A
108308,C
108309,A
108310,C
108311,D
108312,B
108313,A
108314,A
108315,B
108316,D
108317,A
108318,A
108319,A
108320,C
108321,D
108322,B
108323,C
108324,D
108325,B
108326,D
108327,B
108328,A
108329,D
108330,B
108331,B
108332,B
108333,C
108334,C
108335,A
108336,B
108337,C
108338,D
108339,D
108340,B
108341,A
108342,C
108343,C
108344,C
108345,A
108346,C
108347,B
108348,B
108349,C
108350,C
108351,A
108352,C
108353,C
108354,A
108355,B
108356,C
108357,B
108358,C
108359,D
108360,B
108361,C
108362,C
108363,B
108364,C
108365,D
108366,B
108367,C
108368,C
108369,B
108370,C
108371,B
108372,A
108373,D
108374,C
108375,D
108376,C
108377,C
108378,D
108379,C
108380,B
108381,B
108382,A
108383,B
108384,C
108385,C
108386,C
108387,C
108388,D
108389,C
108390,C
108391,B
108392,D
108393,B
108394,D
108395,C
108396,B
108397,D
108398,B
108399,B
108400,B
108401,D
108402,C
108403,A
108404,A
108405,C
108406,A
108407,D
108408,D
108409,A
108410,D
108411,C
108412,B
108413,C
108414,A
108415,B
108416,D
108417,C
108418,C
108419,A
108420,C
108421,B
108422,D
108423,D
108424,A
108425,A
108426,B
108427,B
108428,C
108429,B
108430,A
108431,C
108432,D
108433,B
108434,C
108435,D
108436,B
108437,D
108438,A
108439,D
108440,C
108441,B
108442,C
108443,C
108444,D
108445,D
108446,D
108447,B
108448,A
108449,B
108450,D
108451,A
108452,A
108453,A
108454,D
108455,A
108456,B
108457,B
108458,D
108459,A
108460,A
108461,B
108462,B
108463,B
108464,C
108465,B
108466,B
108467,A
108468,A
108469,D
108470,C
108471,B
108472,C
108473,C
108474,A
108475,D
108476,A
108477,D
108478,B
108479,A
108480,A
108481,B
108482,C
108483,D
108484,C
108485,A
108486,D
108487,D
108488,C
108489,C
108490,A
108491,C
108492,A
108493,D
108494,B
108495,C
108496,B
108497,B
108498,A
108499,B
108500,C
108501,D
108502,B
108503,C
108504,B
108505,A
108506,B
108507,D
108508,C
108509,C
108510,D
108511,B
108512,D
108513,B
108514,A
108515,A
108516,C
108517,A
108518,B
108519,A
108520,C
108521,B
108522,B
108523,D
108524,A
108525,B
108526,B
108527,A
108528,C
108529,A
108530,B
108531,A
108532,C
108533,C
108534,B
108535,B
108536,D
108537,B
108538,B
108539,B
108540,A
108541,D
108542,D
108543,B
108544,D
108545,C
108546,B
108547,C
108548,D
108549,D
108550,B
108551,C
108552,D
108553,B
108554,D
108555,D
108556,A
108557,D
108558,A
108559,B
108560,B
108561,B
108562,D
108563,B
108564,C
108565,B
108566,C
108567,C
108568,C
108569,D
108570,B
108571,D
108572,D
108573,A
108574,C
108575,C
108576,B
108577,B
108578,C
108579,B
108580,D
108581,C
108582,D
108583,D
108584,C
108585,C
108586,B
108587,C
108588,B
108589,C
108590,A
108591,C
108592,B
108593,A
108594,D
108595,B
108596,D
108597,D
108598,C
108599,A
108600,B
108601,B
108602,B
108603,D
108604,A
108605,B
108606,B
108607,C
108608,D
108609,A
108610,C
108611,D
108612,A
108613,B
108614,A
108615,B
108616,D
108617,C
108618,A
108619,C
108620,D
108621,B
108622,C
108623,B
108624,C
108625,D
108626,C
108627,D
108628,D
108629,D
108630,D
108631,B
108632,A
108633,D
108634,D
108635,B
108636,C
108637,C
108638,D
108639,A
108640,D
108641,C
108642,C
108643,A
108644,B
108645,B
108646,C
108647,B
108648,D
108649,B
108650,D
108651,A
108652,C
108653,D
108654,C
108655,A
108656,C
108657,B
108658,C
108659,D
108660,B
108661,A
108662,D
108663,A
108664,C
108665,A
108666,D
108667,A
108668,B
108669,D
108670,A
108671,A
108672,A
108673,C
108674,B
108675,A
108676,C
108677,C
108678,C
108679,D
108680,C
108681,C
108682,B
108683,D
108684,B
108685,B
108686,A
108687,D
108688,C
108689,B
108690,D
108691,C
108692,C
108693,A
108694,D
108695,D
108696,D
108697,B
108698,C
108699,C
108700,B
108701,A
108702,C
108703,C
108704,C
108705,D
108706,A
108707,B
108708,B
108709,C
108710,C
108711,C
108712,D
108713,C
108714,D
108715,A
108716,A
108717,B
108718,D
108719,B
108720,B
108721,B
108722,B
108723,D
108724,B
108725,B
108726,A
108727,B
108728,A
108729,B
108730,D
108731,B
108732,D
108733,C
108734,C
108735,A
108736,D
108737,B
108738,A
108739,A
108740,C
108741,D
108742,B
108743,A
108744,A
108745,B
108746,D
108747,C
108748,D
108749,A
108750,B
108751,B
108752,C
108753,A
108754,C
108755,B
108756,D
108757,D
108758,B
108759,C
108760,B
108761,C
108762,B
108763,B
108764,C
108765,A
108766,B
108767,D
108768,D
108769,A
108770,D
108771,D
108772,D
108773,D
108774,B
108775,C
108776,A
108777,C
108778,B
108779,C
108780,C
108781,D
108782,A
108783,A
108784,C
108785,D
108786,C
108787,C
108788,D
108789,D
108790,C
108791,A
108792,B
108793,D
108794,A
108795,C
108796,B
108797,D
108798,D
108799,C
108800,C
108801,C
108802,B
108803,C
108804,C
108805,B
108806,C
108807,C
108808,D
108809,D
108810,C
108811,A
108812,D
108813,B
108814,B
108815,D
108816,C
108817,B
108818,D
108819,C
108820,A
108821,C
108822,B
108823,C
108824,A
108825,C
108826,A
108827,D
108828,C
108829,D
108830,A
108831,A
108832,B
108833,A
108834,B
108835,C
108836,A
108837,B
108838,B
108839,A
108840,C
108841,D
108842,C
108843,D
108844,A
108845,A
108846,A
108847,C
108848,A
108849,D
108850,C
108851,B
108852,D
108853,C
108854,A
108855,D
108856,B
108857,C
108858,A
108859,A
108860,A
108861,C
108862,B
108863,C
108864,B
108865,D
108866,B
108867,B
108868,C
108869,C
108870,D
108871,A
108872,D
108873,C
108874,A
108875,A
108876,B
108877,A
108878,B
108879,C
108880,D
108881,C
108882,B
108883,C
108884,A
108885,C
108886,B
108887,D
108888,A
108889,D
108890,C
108891,A
108892,C
108893,B
108894,C
108895,A
108896,C
108897,D
108898,B
108899,A
108900,A
108901,B
108902,D
108903,B
108904,C
108905,B
108906,B
108907,C
108908,A
108909,C
108910,C
108911,A
108912,A
108913,C
108914,B
108915,A
108916,B
108917,B
108918,A
108919,D
108920,B
108921,C
108922,B
108923,D
108924,D
108925,B
108926,A
108927,D
108928,B
108929,C
108930,A
108931,C
108932,D
108933,B
108934,D
108935,D
108936,C
108937,D
108938,A
108939,B
108940,D
108941,C
108942,A
108943,D
108944,A
108945,B
108946,A
108947,B
108948,D
108949,D
108950,B
108951,C
108952,A
108953,C
108954,C
108955,C
108956,A
108957,C
108958,B
108959,A
108960,B
108961,C
108962,B
108963,C
108964,B
108965,B
108966,C
108967,A
108968,B
108969,B
108970,B
108971,D
108972,B
108973,D
108974,C
108975,A
108976,B
108977,D
108978,D
108979,B
108980,D
108981,C
108982,C
108983,D
108984,A
108985,B
108986,D
108987,A
108988,B
108989,A
108990,A
108991,B
108992,B
108993,A
108994,C
108995,B
108996,A
108997,D
108998,B
108999,B
109000,D
109001,D
109002,B
109003,A
109004,C
109005,A
109006,D
109007,B
109008,C
109009,C
109010,B
109011,C
109012,B
109013,A
109014,C
109015,B
109016,C
109017,A
109018,A
109019,B
109020,D
109021,D
109022,B
109023,B
109024,D
109025,B
109026,A
109027,A
109028,D
109029,C
109030,B
109031,A
109032,C
109033,C
109034,A
109035,D
109036,C
109037,D
109038,A
109039,A
109040,B
109041,D
109042,C
109043,D
109044,C
109045,D
109046,B
109047,D
109048,C
109049,B
109050,C
109051,A
109052,B
109053,D
109054,A
109055,A
109056,C
109057,A
109058,A
109059,B
109060,B
109061,B
109062,A
109063,C
109064,D
109065,A
109066,D
109067,C
109068,B
109069,B
109070,A
109071,A
109072,B
109073,C
109074,A
109075,D
109076,A
109077,C
109078,B
109079,C
109080,C
109081,A
109082,D
109083,C
109084,C
109085,A
109086,C
109087,C
109088,C
109089,A
109090,A
109091,C
109092,A
109093,C
109094,D
109095,A
109096,A
109097,C
109098,A
109099,D
109100,C
109101,C
109102,D
109103,C
109104,C
109105,D
109106,C
109107,D
109108,B
109109,D
109110,D
109111,A
109112,C
109113,C
109114,B
109115,A
109116,B
109117,A
109118,D
109119,B
109120,D
109121,A
109122,C
109123,A
109124,C
109125,B
109126,A
109127,D
109128,A
109129,B
109130,A
109131,D
109132,A
109133,B
109134,D
109135,A
109136,A
109137,B
109138,C
109139,B
109140,B
109141,D
109142,A
109143,C
109144,C
109145,B
109146,B
109147,D
109148,B
109149,C
109150,A
109151,C
109152,C
109153,D
109154,B
109155,A
109156,A
109157,C
109158,C
109159,A
109160,B
109161,B
109162,D
109163,A
109164,D
109165,A
109166,D
109167,D
109168,A
109169,B
109170,D
109171,C
109172,B
109173,C
109174,A
109175,C
109176,C
109177,B
109178,D
109179,C
109180,B
109181,C
109182,C
109183,B
109184,A
109185,C
109186,C
109187,B
109188,D
109189,D
109190,D
109191,B
109192,A
109193,D
109194,D
109195,C
109196,B
109197,B
109198,B
109199,A
109200,B
109201,A
109202,B
109203,C
109204,A
109205,A
109206,A
109207,B
109208,B
109209,C
109210,D
109211,B
109212,A
109213,C
109214,B
109215,A
109216,C
109217,A
109218,A
109219,A
109220,D
109221,B
109222,C
109223,B
109224,B
109225,C
109226,B
109227,C
109228,B
109229,A
109230,D
109231,B
109232,C
109233,A
109234,B
109235,C
109236,A
109237,D
109238,C
109239,B
109240,B
109241,C
109242,A
109243,C
109244,C
109245,C
109246,D
109247,D
109248,B
109249,B
109250,B
109251,C
109252,A
109253,D
109254,C
109255,A
109256,A
109257,A
109258,B
109259,C
109260,D
109261,B
109262,D
109263,B
109264,C
109265,D
109266,A
109267,C
109268,B
109269,A
109270,C
109271,A
109272,B
109273,D
109274,A
109275,C
109276,D
109277,D
109278,D
109279,A
109280,B
109281,B
109282,B
109283,B
109284,D
109285,C
109286,A
109287,D
109288,A
109289,C
109290,D
109291,A
109292,A
109293,A
109294,A
109295,D
109296,B
109297,D
109298,C
109299,A
109300,B
109301,A
109302,C
109303,C
109304,B
109305,A
109306,B
109307,B
109308,B
109309,B
109310,C
109311,D
109312,D
109313,B
109314,A
109315,B
109316,D
109317,C
109318,A
109319,A
109320,C
109321,A
109322,B
109323,A
109324,B
109325,B
109326,D
109327,A
109328,C
109329,C
109330,A
109331,A
109332,D
109333,D
109334,C
109335,C
109336,D
109337,D
109338,C
109339,B
109340,A
109341,D
109342,D
109343,D
109344,B
109345,D
109346,C
109347,D
109348,C
109349,B
109350,D
109351,A
109352,B
109353,C
109354,D
109355,A
109356,D
109357,D
109358,B
109359,A
109360,D
109361,D
109362,B
109363,B
109364,D
109365,D
109366,C
109367,A
109368,D
109369,D
109370,A
109371,A
109372,A
109373,D
109374,D
109375,C
109376,A
109377,C
109378,B
109379,C
109380,D
109381,A
109382,B
109383,B
109384,A
109385,C
109386,B
109387,C
109388,B
109389,C
109390,D
109391,D
109392,D
109393,C
109394,A
109395,C
109396,D
109397,C
109398,D
109399,A
109400,B
109401,D
109402,C
109403,B
109404,A
109405,C
109406,A
109407,A
109408,B
109409,B
109410,B
109411,D
109412,C
109413,B
109414,A
109415,D
109416,C
109417,C
109418,C
109419,B
109420,C
109421,A
109422,B
109423,C
109424,B
109425,A
109426,D
109427,C
109428,D
109429,A
109430,A
109431,C
109432,C
109433,C
109434,A
109435,C
109436,B
109437,C
109438,D
109439,C
109440,C
109441,C
109442,D
109443,D
109444,C
109445,A
109446,B
109447,C
109448,A
109449,C
109450,B
109451,C
109452,A
109453,C
109454,C
109455,A
109456,C
109457,A
109458,A
109459,B
109460,A
109461,A
109462,B
109463,D
109464,A
109465,B
109466,B
109467,A
109468,A
109469,C
109470,B
109471,B
109472,B
109473,C
109474,A
109475,A
109476,D
109477,A
109478,B
109479,B
109480,D
109481,B
109482,A
109483,D
109484,C
109485,B
109486,A
109487,D
109488,B
109489,A
109490,D
109491,B
109492,B
109493,B
109494,D
109495,C
109496,A
109497,A
109498,D
109499,A
109500,C
109501,D
109502,D
109503,C
109504,D
109505,D
109506,D
109507,A
109508,D
109509,A
109510,A
109511,C
109512,D
109513,C
109514,C
109515,C
109516,C
109517,C
109518,D
109519,D
109520,C
109521,D
109522,A
109523,B
109524,D
109525,C
109526,C
109527,B
109528,A
109529,C
109530,A
109531,C
109532,B
109533,C
109534,C
109535,A
109536,B
109537,C
109538,C
109539,C
109540,C
109541,A
109542,D
109543,C
109544,A
109545,A
109546,C
109547,C
109548,C
109549,A
109550,A
109551,B
109552,A
109553,D
109554,D
109555,A
109556,B
109557,C
109558,A
109559,C
109560,A
109561,D
109562,C
109563,D
109564,A
109565,C
109566,D
109567,D
109568,B
109569,B
109570,B
109571,A
109572,D
109573,B
109574,D
109575,D
109576,C
109577,B
109578,C
109579,B
109580,B
109581,A
109582,B
109583,D
109584,A
109585,A
109586,A
109587,C
109588,A
109589,C
109590,C
109591,B
109592,D
109593,D
109594,B
109595,A
109596,A
109597,A
109598,D
109599,C
109600,D
109601,D
109602,D
109603,C
109604,A
109605,A
109606,A
109607,A
109608,C
109609,A
109610,D
109611,B
109612,A
109613,C
109614,B
109615,A
109616,C
109617,C
109618,A
109619,B
109620,D
109621,B
109622,A
109623,C
109624,B
109625,C
109626,A
109627,A
109628,B
109629,C
109630,D
109631,D
109632,C
109633,B
109634,B
109635,A
109636,A
109637,B
109638,D
109639,D
109640,C
109641,D
109642,C
109643,A
109644,C
109645,B
109646,A
109647,C
109648,A
109649,A
109650,D
109651,D
109652,D
109653,B
109654,A
109655,D
109656,C
109657,B
109658,D
109659,C
109660,D
109661,A
109662,C
109663,A
109664,B
109665,D
109666,D
109667,A
109668,D
109669,C
109670,A
109671,C
109672,A
109673,A
109674,A
109675,D
109676,C
109677,D
109678,D
109679,D
109680,A
109681,D
109682,C
109683,A
109684,B
109685,C
109686,D
109687,A
109688,A
109689,B
109690,B
109691,A
109692,B
109693,A
109694,C
109695,B
109696,A
109697,B
109698,D
109699,C
109700,B
109701,C
109702,B
109703,C
109704,C
109705,C
109706,A
109707,C
109708,C
109709,A
109710,A
109711,C
109712,B
109713,B
109714,C
109715,A
109716,C
109717,A
109718,D
109719,C
109720,A
109721,B
109722,B
109723,B
109724,D
109725,B
109726,D
109727,D
109728,A
109729,A
109730,B
109731,C
109732,D
109733,C
109734,A
109735,D
109736,C
109737,D
109738,C
109739,B
109740,C
109741,D
109742,A
109743,B
109744,A
109745,B
109746,C
109747,D
109748,A
109749,C
109750,D
109751,D
109752,C
109753,A
109754,D
109755,B
109756,D
109757,D
109758,C
109759,A
109760,D
109761,A
109762,B
109763,B
109764,D
109765,D
109766,C
109767,A
109768,A
109769,B
109770,D
109771,A
109772,D
109773,D
109774,B
109775,C
109776,C
109777,C
109778,A
109779,C
109780,C
109781,A
109782,B
109783,D
109784,C
109785,B
109786,B
109787,D
109788,C
109789,D
109790,A
109791,A
109792,C
109793,B
109794,D
109795,B
109796,D
109797,A
109798,D
109799,A
109800,A
109801,B
109802,A
109803,B
109804,A
109805,A
109806,C
109807,C
109808,B
109809,B
109810,D
109811,D
109812,C
109813,D
109814,C
109815,D
109816,B
109817,A
109818,B
109819,A
109820,B
109821,B
109822,C
109823,C
109824,A
109825,D
109826,B
109827,C
109828,B
109829,A
109830,B
109831,A
109832,C
109833,B
109834,B
109835,C
109836,A
109837,C
109838,D
109839,B
109840,B
109841,C
109842,A
109843,C
109844,A
109845,D
109846,C
109847,B
109848,A
109849,B
109850,C
109851,D
109852,B
109853,B
109854,B
109855,C
109856,B
109857,A
109858,B
109859,C
109860,A
109861,B
109862,C
109863,B
109864,D
109865,B
109866,A
109867,B
109868,B
109869,A
109870,A
109871,D
109872,B
109873,B
109874,D
109875,C
109876,C
109877,B
109878,D
109879,B
109880,C
109881,B
109882,A
109883,A
109884,B
109885,B
109886,C
109887,D
109888,C
109889,D
109890,B
109891,D
109892,A
109893,A
109894,A
109895,D
109896,C
109897,A
109898,C
109899,D
109900,D
109901,C
109902,D
109903,A
109904,D
109905,D
109906,D
109907,B
109908,C
109909,C
109910,A
109911,A
109912,C
109913,A
109914,B
109915,A
109916,C
109917,D
109918,D
109919,C
109920,D
109921,A
109922,D
109923,B
109924,D
109925,B
109926,C
109927,C
109928,A
109929,B
109930,D
109931,D
109932,D
109933,C
109934,C
109935,B
109936,D
109937,C
109938,D
109939,B
109940,B
109941,B
109942,C
109943,A
109944,A
109945,B
109946,C
109947,A
109948,D
109949,C
109950,B
109951,A
109952,C
109953,B
109954,D
109955,A
109956,D
109957,B
109958,B
109959,B
109960,D
109961,B
109962,A
109963,C
109964,A
109965,C
109966,B
109967,B
109968,A
109969,C
109970,C
109971,C
109972,A
109973,A
109974,B
109975,B
109976,C
109977,B
109978,B
109979,A
109980,B
109981,B
109982,D
109983,A
109984,C
109985,A
109986,A
109987,C
109988,C
109989,C
109990,D
109991,A
109992,D
109993,B
109994,D
109995,C
109996,A
109997,A
109998,B
109999,C
110000,B
110001,B
110002,B
110003,D
110004,A
110005,C
110006,D
110007,C
110008,C
110009,B
110010,B
110011,A
110012,A
110013,A
110014,B
110015,D
110016,C
110017,A
110018,A
110019,D
110020,C
110021,C
110022,A
110023,D
110024,C
110025,C
110026,C
110027,B
110028,B
110029,A
110030,B
110031,D
110032,B
110033,D
110034,C
110035,C
110036,D
110037,D
110038,D
110039,A
110040,B
110041,A
110042,B
110043,B
110044,A
110045,C
110046,B
110047,D
110048,A
110049,B
110050,B
110051,B
110052,A
110053,B
110054,A
110055,B
110056,D
110057,C
110058,A
110059,C
110060,C
110061,C
110062,D
110063,B
110064,C
110065,A
110066,A
110067,C
110068,D
110069,D
110070,C
110071,A
110072,A
110073,C
110074,D
110075,C
110076,A
110077,A
110078,A
110079,D
110080,D
110081,C
110082,D
110083,B
110084,D
110085,D
110086,A
110087,C
110088,D
110089,C
110090,D
110091,C
110092,A
110093,A
110094,A
110095,B
110096,A
110097,C
110098,D
110099,D
110100,A
110101,D
110102,C
110103,A
110104,D
110105,B
110106,D
110107,C
110108,C
110109,B
110110,C
110111,B
110112,B
110113,C
110114,A
110115,A
110116,A
110117,C
110118,C
110119,A
110120,C
110121,B
110122,B
110123,C
110124,D
110125,B
110126,B
110127,A
110128,D
110129,B
110130,A
110131,B
110132,D
110133,C
110134,C
110135,C
110136,D
110137,B
110138,A
110139,A
110140,D
110141,C
110142,D
110143,C
110144,B
110145,C
110146,A
110147,A
110148,C
110149,C
110150,D
110151,D
110152,A
110153,B
110154,B
110155,D
110156,A
110157,B
110158,B
110159,A
110160,D
110161,B
110162,A
110163,B
110164,B
110165,D
110166,A
110167,C
110168,C
110169,A
110170,B
110171,B
110172,A
110173,D
110174,A
110175,A
110176,D
110177,B
110178,B
110179,B
110180,C
110181,D
110182,C
110183,A
110184,B
110185,D
110186,B
110187,B
110188,A
110189,D
110190,A
110191,B
110192,D
110193,C
110194,B
110195,B
110196,B
110197,D
110198,C
110199,A
110200,A
110201,C
110202,D
110203,C
110204,B
110205,D
110206,A
110207,C
110208,B
110209,A
110210,A
110211,A
110212,D
110213,C
110214,D
110215,D
110216,A
110217,C
110218,D
110219,D
110220,A
110221,D
110222,B
110223,C
110224,D
110225,D
110226,D
110227,C
110228,D
110229,B
110230,C
110231,D
110232,D
110233,C
110234,D
110235,D
110236,D
110237,A
110238,B
110239,A
110240,D
110241,A
110242,A
110243,A
110244,C
110245,C
110246,D
110247,B
110248,C
110249,C
110250,C
110251,A
110252,C
110253,B
110254,A
110255,B
110256,D
110257,A
110258,C
110259,D
110260,D
110261,C
110262,C
110263,A
110264,C
110265,D
110266,A
110267,C
110268,B
110269,B
110270,C
110271,A
110272,C
110273,B
110274,B
110275,A
110276,B
110277,B
110278,B
110279,D
110280,C
110281,B
110282,B
110283,D
110284,C
110285,D
110286,B
110287,A
110288,B
110289,D
110290,C
110291,A
110292,D
110293,D
110294,B
110295,A
110296,D
110297,C
110298,A
110299,B
110300,B
110301,B
110302,D
110303,A
110304,B
110305,B
110306,D
110307,D
110308,A
110309,D
110310,A
110311,B
110312,D
110313,C
110314,C
110315,A
110316,A
110317,B
110318,B
110319,C
110320,A
110321,A
110322,C
110323,B
110324,A
110325,D
110326,C
110327,A
110328,B
110329,B
110330,A
110331,C
110332,D
110333,B
110334,C
110335,B
110336,B
110337,C
110338,B
110339,B
110340,A
110341,C
110342,C
110343,C
110344,A
110345,A
110346,C
110347,C
110348,C
110349,A
110350,D
110351,B
110352,C
110353,B
110354,B
110355,B
110356,B
110357,B
110358,D
110359,C
110360,B
110361,B
110362,D
110363,D
110364,B
110365,A
110366,B
110367,A
110368,D
110369,D
110370,A
110371,B
110372,C
110373,B
110374,A
110375,C
110376,C
110377,A
110378,A
110379,C
110380,B
110381,C
110382,B
110383,B
110384,D
110385,A
110386,D
110387,A
110388,B
110389,D
110390,D
110391,A
110392,B
110393,A
110394,A
110395,C
110396,D
110397,A
110398,A
110399,B
110400,C
110401,D
110402,A
110403,A
110404,B
110405,A
110406,B
110407,B
110408,A
110409,B
110410,D
110411,D
110412,D
110413,D
110414,B
110415,B
110416,B
110417,C
110418,A
110419,D
110420,C
110421,B
110422,C
110423,B
110424,A
110425,C
110426,B
110427,C
110428,B
110429,A
110430,B
110431,B
110432,B
110433,A
110434,C
110435,D
110436,A
110437,C
110438,D
110439,B
110440,A
110441,D
110442,D
110443,D
110444,D
110445,A
110446,B
110447,B
110448,B
110449,A
110450,A
110451,B
110452,A
110453,B
110454,B
110455,D
110456,A
110457,C
110458,D
110459,C
110460,A
110461,C
110462,A
110463,A
110464,C
110465,C
110466,D
110467,C
110468,A
110469,A
110470,A
110471,A
110472,A
110473,B
110474,A
110475,D
110476,D
110477,B
110478,C
110479,C
110480,D
110481,C
110482,D
110483,C
110484,B
110485,C
110486,D
110487,A
110488,A
110489,A
110490,C
110491,B
110492,C
110493,B
110494,A
110495,A
110496,A
110497,A
110498,D
110499,D
110500,A
110501,D
110502,D
110503,B
110504,C
110505,C
110506,B
110507,B
110508,A
110509,A
110510,B
110511,A
110512,A
110513,C
110514,C
110515,C
110516,B
110517,B
110518,A
110519,B
110520,C
110521,D
110522,B
110523,D
110524,C
110525,C
110526,D
110527,B
110528,D
110529,B
110530,C
110531,A
110532,C
110533,C
110534,A
110535,C
110536,B
110537,D
110538,D
110539,A
110540,C
110541,D
110542,C
110543,A
110544,B
110545,C
110546,B
110547,A
110548,C
110549,A
110550,D
110551,C
110552,C
110553,A
110554,C
110555,B
110556,C
110557,B
110558,C
110559,C
110560,D
110561,B
110562,A
110563,B
110564,C
110565,D
110566,A
110567,D
110568,D
110569,B
110570,D
110571,C
110572,C
110573,A
110574,D
110575,D
110576,A
110577,C
110578,B
110579,A
110580,D
110581,A
110582,C
110583,C
110584,B
110585,D
110586,C
110587,D
110588,D
110589,C
110590,C
110591,D
110592,D
110593,D
110594,C
110595,A
110596,B
110597,D
110598,C
110599,D
110600,C
110601,C
110602,A
110603,B
110604,D
110605,C
110606,D
110607,C
110608,D
110609,D
110610,B
110611,A
110612,A
110613,B
110614,D
110615,B
110616,B
110617,D
110618,D
110619,D
110620,D
110621,C
110622,B
110623,B
110624,B
110625,B
110626,D
110627,C
110628,A
110629,A
110630,B
110631,B
110632,B
